[{"model": "admin.logentry", "pk": 1, "fields": {"action_time": "2021-12-27T04:40:44.647Z", "user": 1, "content_type": 6, "object_id": "1", "object_repr": "Category object (1)", "action_flag": 1, "change_message": "[{\"added\": {}}]"}}, {"model": "admin.logentry", "pk": 2, "fields": {"action_time": "2021-12-27T04:52:40.904Z", "user": 1, "content_type": 6, "object_id": "2", "object_repr": "Category object (2)", "action_flag": 1, "change_message": "[{\"added\": {}}]"}}, {"model": "admin.logentry", "pk": 3, "fields": {"action_time": "2021-12-27T05:00:08.195Z", "user": 1, "content_type": 6, "object_id": "3", "object_repr": "Category object (3)", "action_flag": 1, "change_message": "[{\"added\": {}}]"}}, {"model": "admin.logentry", "pk": 4, "fields": {"action_time": "2021-12-27T05:04:06.373Z", "user": 1, "content_type": 6, "object_id": "4", "object_repr": "Category object (4)", "action_flag": 1, "change_message": "[{\"added\": {}}]"}}, {"model": "admin.logentry", "pk": 5, "fields": {"action_time": "2021-12-27T05:08:24.776Z", "user": 1, "content_type": 6, "object_id": "5", "object_repr": "Category object (5)", "action_flag": 1, "change_message": "[{\"added\": {}}]"}}, {"model": "admin.logentry", "pk": 6, "fields": {"action_time": "2021-12-27T06:05:42.202Z", "user": 1, "content_type": 8, "object_id": "1", "object_repr": "candles", "action_flag": 1, "change_message": "[{\"added\": {}}]"}}, {"model": "admin.logentry", "pk": 7, "fields": {"action_time": "2021-12-27T06:08:34.456Z", "user": 1, "content_type": 8, "object_id": "2", "object_repr": "Baby set", "action_flag": 1, "change_message": "[{\"added\": {}}]"}}, {"model": "admin.logentry", "pk": 8, "fields": {"action_time": "2021-12-27T06:10:58.219Z", "user": 1, "content_type": 8, "object_id": "3", "object_repr": "Jewellaries", "action_flag": 1, "change_message": "[{\"added\": {}}]"}}, {"model": "admin.logentry", "pk": 9, "fields": {"action_time": "2021-12-27T06:14:15.134Z", "user": 1, "content_type": 8, "object_id": "4", "object_repr": "clay pots", "action_flag": 1, "change_message": "[{\"added\": {}}]"}}, {"model": "admin.logentry", "pk": 10, "fields": {"action_time": "2021-12-27T06:16:50.481Z", "user": 1, "content_type": 8, "object_id": "5", "object_repr": "medicine", "action_flag": 1, "change_message": "[{\"added\": {}}]"}}, {"model": "admin.logentry", "pk": 11, "fields": {"action_time": "2021-12-27T06:19:36.492Z", "user": 1, "content_type": 8, "object_id": "6", "object_repr": "Bangles", "action_flag": 1, "change_message": "[{\"added\": {}}]"}}, {"model": "admin.logentry", "pk": 12, "fields": {"action_time": "2021-12-27T06:21:03.795Z", "user": 1, "content_type": 8, "object_id": "7", "object_repr": "Necklaces", "action_flag": 1, "change_message": "[{\"added\": {}}]"}}, {"model": "admin.logentry", "pk": 13, "fields": {"action_time": "2021-12-27T06:23:53.916Z", "user": 1, "content_type": 8, "object_id": "8", "object_repr": "medicine 2", "action_flag": 1, "change_message": "[{\"added\": {}}]"}}, {"model": "admin.logentry", "pk": 14, "fields": {"action_time": "2021-12-27T06:25:08.978Z", "user": 1, "content_type": 8, "object_id": "9", "object_repr": "Mavi_jeans", "action_flag": 1, "change_message": "[{\"added\": {}}]"}}, {"model": "admin.logentry", "pk": 15, "fields": {"action_time": "2021-12-27T07:11:56.046Z", "user": 1, "content_type": 8, "object_id": "1", "object_repr": "candles", "action_flag": 2, "change_message": "[{\"changed\": {\"fields\": [\"Image\"]}}]"}}, {"model": "admin.logentry", "pk": 16, "fields": {"action_time": "2021-12-27T07:12:03.819Z", "user": 1, "content_type": 8, "object_id": "1", "object_repr": "candles", "action_flag": 2, "change_message": "[]"}}, {"model": "admin.logentry", "pk": 17, "fields": {"action_time": "2021-12-30T05:54:26.906Z", "user": 1, "content_type": 8, "object_id": "1", "object_repr": "candles", "action_flag": 2, "change_message": "[{\"changed\": {\"fields\": [\"Stock\"]}}]"}}, {"model": "admin.logentry", "pk": 18, "fields": {"action_time": "2022-01-07T16:25:25.042Z", "user": 1, "content_type": 6, "object_id": "1", "object_repr": "Category object (1)", "action_flag": 2, "change_message": "[{\"changed\": {\"fields\": [\"Category name\"]}}]"}}, {"model": "admin.logentry", "pk": 19, "fields": {"action_time": "2022-01-07T16:25:41.326Z", "user": 1, "content_type": 6, "object_id": "2", "object_repr": "Category object (2)", "action_flag": 2, "change_message": "[{\"changed\": {\"fields\": [\"Category name\"]}}]"}}, {"model": "admin.logentry", "pk": 20, "fields": {"action_time": "2022-01-07T16:25:54.538Z", "user": 1, "content_type": 6, "object_id": "3", "object_repr": "Category object (3)", "action_flag": 2, "change_message": "[{\"changed\": {\"fields\": [\"Category name\"]}}]"}}, {"model": "admin.logentry", "pk": 21, "fields": {"action_time": "2022-01-07T16:26:06.178Z", "user": 1, "content_type": 6, "object_id": "4", "object_repr": "Category object (4)", "action_flag": 2, "change_message": "[{\"changed\": {\"fields\": [\"Category name\"]}}]"}}, {"model": "admin.logentry", "pk": 22, "fields": {"action_time": "2022-01-07T16:26:30.616Z", "user": 1, "content_type": 6, "object_id": "5", "object_repr": "Category object (5)", "action_flag": 2, "change_message": "[{\"changed\": {\"fields\": [\"Category name\"]}}]"}}, {"model": "admin.logentry", "pk": 23, "fields": {"action_time": "2022-01-07T16:38:10.685Z", "user": 1, "content_type": 8, "object_id": "10", "object_repr": "Hand Bags", "action_flag": 1, "change_message": "[{\"added\": {}}]"}}, {"model": "admin.logentry", "pk": 24, "fields": {"action_time": "2022-01-07T16:41:08.650Z", "user": 1, "content_type": 8, "object_id": "10", "object_repr": "Hand Bags", "action_flag": 2, "change_message": "[{\"changed\": {\"fields\": [\"Category\"]}}]"}}, {"model": "admin.logentry", "pk": 25, "fields": {"action_time": "2022-01-07T16:42:33.717Z", "user": 1, "content_type": 8, "object_id": "8", "object_repr": "medicine 2", "action_flag": 2, "change_message": "[{\"changed\": {\"fields\": [\"Category\"]}}]"}}, {"model": "admin.logentry", "pk": 26, "fields": {"action_time": "2022-01-07T16:42:48.487Z", "user": 1, "content_type": 8, "object_id": "5", "object_repr": "medicine", "action_flag": 2, "change_message": "[{\"changed\": {\"fields\": [\"Category\"]}}]"}}, {"model": "admin.logentry", "pk": 27, "fields": {"action_time": "2022-01-07T16:43:49.075Z", "user": 1, "content_type": 8, "object_id": "7", "object_repr": "Necklaces", "action_flag": 2, "change_message": "[{\"changed\": {\"fields\": [\"Category\"]}}]"}}, {"model": "admin.logentry", "pk": 28, "fields": {"action_time": "2022-01-07T16:44:04.792Z", "user": 1, "content_type": 8, "object_id": "6", "object_repr": "Bangles", "action_flag": 2, "change_message": "[{\"changed\": {\"fields\": [\"Category\"]}}]"}}, {"model": "admin.logentry", "pk": 29, "fields": {"action_time": "2022-01-07T16:44:22.823Z", "user": 1, "content_type": 8, "object_id": "3", "object_repr": "Jewellaries", "action_flag": 2, "change_message": "[{\"changed\": {\"fields\": [\"Category\"]}}]"}}, {"model": "admin.logentry", "pk": 30, "fields": {"action_time": "2022-01-07T16:45:01.064Z", "user": 1, "content_type": 8, "object_id": "1", "object_repr": "candles", "action_flag": 2, "change_message": "[{\"changed\": {\"fields\": [\"Category\"]}}]"}}, {"model": "admin.logentry", "pk": 31, "fields": {"action_time": "2022-01-07T16:45:23.294Z", "user": 1, "content_type": 8, "object_id": "4", "object_repr": "clay pots", "action_flag": 2, "change_message": "[{\"changed\": {\"fields\": [\"Category\"]}}]"}}, {"model": "admin.logentry", "pk": 32, "fields": {"action_time": "2022-01-07T16:47:11.478Z", "user": 1, "content_type": 8, "object_id": "11", "object_repr": "Hair Bands", "action_flag": 1, "change_message": "[{\"added\": {}}]"}}, {"model": "admin.logentry", "pk": 33, "fields": {"action_time": "2022-01-07T16:51:10.757Z", "user": 1, "content_type": 8, "object_id": "12", "object_repr": "flower pot", "action_flag": 1, "change_message": "[{\"added\": {}}]"}}, {"model": "admin.logentry", "pk": 34, "fields": {"action_time": "2022-01-07T16:53:00.000Z", "user": 1, "content_type": 8, "object_id": "13", "object_repr": "Diya", "action_flag": 1, "change_message": "[{\"added\": {}}]"}}, {"model": "admin.logentry", "pk": 35, "fields": {"action_time": "2022-01-07T16:55:12.101Z", "user": 1, "content_type": 8, "object_id": "14", "object_repr": "Clay Bowl", "action_flag": 1, "change_message": "[{\"added\": {}}]"}}, {"model": "admin.logentry", "pk": 36, "fields": {"action_time": "2022-01-07T16:57:23.197Z", "user": 1, "content_type": 8, "object_id": "15", "object_repr": "Clay Plates", "action_flag": 1, "change_message": "[{\"added\": {}}]"}}, {"model": "admin.logentry", "pk": 37, "fields": {"action_time": "2022-01-07T16:59:24.643Z", "user": 1, "content_type": 8, "object_id": "16", "object_repr": "Ghada", "action_flag": 1, "change_message": "[{\"added\": {}}]"}}, {"model": "admin.logentry", "pk": 38, "fields": {"action_time": "2022-01-07T17:01:29.382Z", "user": 1, "content_type": 8, "object_id": "17", "object_repr": "Paperweight", "action_flag": 1, "change_message": "[{\"added\": {}}]"}}, {"model": "admin.logentry", "pk": 39, "fields": {"action_time": "2022-01-11T13:25:52.147Z", "user": 1, "content_type": 8, "object_id": "17", "object_repr": "Paperweight", "action_flag": 2, "change_message": "[{\"changed\": {\"fields\": [\"Description\"]}}]"}}, {"model": "admin.logentry", "pk": 40, "fields": {"action_time": "2022-01-21T16:28:41.132Z", "user": 1, "content_type": 11, "object_id": "1", "object_repr": "Variation object (1)", "action_flag": 1, "change_message": "[{\"added\": {}}]"}}, {"model": "admin.logentry", "pk": 41, "fields": {"action_time": "2022-01-21T16:29:07.754Z", "user": 1, "content_type": 11, "object_id": "2", "object_repr": "Variation object (2)", "action_flag": 1, "change_message": "[{\"added\": {}}]"}}, {"model": "admin.logentry", "pk": 42, "fields": {"action_time": "2022-01-21T16:29:30.278Z", "user": 1, "content_type": 11, "object_id": "3", "object_repr": "Variation object (3)", "action_flag": 1, "change_message": "[{\"added\": {}}]"}}, {"model": "admin.logentry", "pk": 43, "fields": {"action_time": "2022-01-21T17:20:17.359Z", "user": 1, "content_type": 11, "object_id": "1", "object_repr": "Variation object (1)", "action_flag": 2, "change_message": "[{\"changed\": {\"fields\": [\"Variation value\"]}}]"}}, {"model": "admin.logentry", "pk": 44, "fields": {"action_time": "2022-01-22T16:21:38.626Z", "user": 1, "content_type": 11, "object_id": "4", "object_repr": "Variation object (4)", "action_flag": 1, "change_message": "[{\"added\": {}}]"}}, {"model": "admin.logentry", "pk": 45, "fields": {"action_time": "2022-01-22T16:22:06.855Z", "user": 1, "content_type": 11, "object_id": "5", "object_repr": "Variation object (5)", "action_flag": 1, "change_message": "[{\"added\": {}}]"}}, {"model": "admin.logentry", "pk": 46, "fields": {"action_time": "2022-01-24T16:05:00.856Z", "user": 1, "content_type": 11, "object_id": "6", "object_repr": "color", "action_flag": 1, "change_message": "[{\"added\": {}}]"}}, {"model": "admin.logentry", "pk": 47, "fields": {"action_time": "2022-02-10T16:43:01.797Z", "user": 1, "content_type": 6, "object_id": "5", "object_repr": "Category object (5)", "action_flag": 3, "change_message": ""}}, {"model": "admin.logentry", "pk": 48, "fields": {"action_time": "2022-02-10T16:43:58.887Z", "user": 1, "content_type": 8, "object_id": "2", "object_repr": "clothes", "action_flag": 2, "change_message": "[{\"changed\": {\"fields\": [\"Product name\", \"Slug\"]}}]"}}, {"model": "admin.logentry", "pk": 49, "fields": {"action_time": "2022-02-10T17:30:08.027Z", "user": 1, "content_type": 11, "object_id": "7", "object_repr": "color", "action_flag": 1, "change_message": "[{\"added\": {}}]"}}, {"model": "admin.logentry", "pk": 50, "fields": {"action_time": "2022-02-10T17:30:24.588Z", "user": 1, "content_type": 11, "object_id": "8", "object_repr": "color", "action_flag": 1, "change_message": "[{\"added\": {}}]"}}, {"model": "admin.logentry", "pk": 51, "fields": {"action_time": "2022-02-10T17:34:09.673Z", "user": 1, "content_type": 11, "object_id": "9", "object_repr": "color", "action_flag": 1, "change_message": "[{\"added\": {}}]"}}, {"model": "admin.logentry", "pk": 52, "fields": {"action_time": "2022-02-10T17:34:35.552Z", "user": 1, "content_type": 11, "object_id": "10", "object_repr": "color", "action_flag": 1, "change_message": "[{\"added\": {}}]"}}, {"model": "admin.logentry", "pk": 53, "fields": {"action_time": "2022-02-10T17:35:32.744Z", "user": 1, "content_type": 11, "object_id": "11", "object_repr": "color", "action_flag": 1, "change_message": "[{\"added\": {}}]"}}, {"model": "admin.logentry", "pk": 54, "fields": {"action_time": "2022-02-10T17:36:09.953Z", "user": 1, "content_type": 11, "object_id": "12", "object_repr": "color", "action_flag": 1, "change_message": "[{\"added\": {}}]"}}, {"model": "admin.logentry", "pk": 55, "fields": {"action_time": "2022-02-10T17:36:38.311Z", "user": 1, "content_type": 11, "object_id": "13", "object_repr": "color", "action_flag": 1, "change_message": "[{\"added\": {}}]"}}, {"model": "admin.logentry", "pk": 56, "fields": {"action_time": "2022-02-10T17:36:53.800Z", "user": 1, "content_type": 11, "object_id": "14", "object_repr": "color", "action_flag": 1, "change_message": "[{\"added\": {}}]"}}, {"model": "admin.logentry", "pk": 57, "fields": {"action_time": "2022-02-10T17:37:17.917Z", "user": 1, "content_type": 11, "object_id": "15", "object_repr": "color", "action_flag": 1, "change_message": "[{\"added\": {}}]"}}, {"model": "admin.logentry", "pk": 58, "fields": {"action_time": "2022-02-10T17:38:27.307Z", "user": 1, "content_type": 11, "object_id": "16", "object_repr": "color", "action_flag": 1, "change_message": "[{\"added\": {}}]"}}, {"model": "admin.logentry", "pk": 59, "fields": {"action_time": "2022-02-10T17:38:54.932Z", "user": 1, "content_type": 11, "object_id": "17", "object_repr": "color", "action_flag": 1, "change_message": "[{\"added\": {}}]"}}, {"model": "admin.logentry", "pk": 60, "fields": {"action_time": "2022-02-10T17:39:13.510Z", "user": 1, "content_type": 11, "object_id": "18", "object_repr": "color", "action_flag": 1, "change_message": "[{\"added\": {}}]"}}, {"model": "admin.logentry", "pk": 61, "fields": {"action_time": "2022-02-10T17:45:10.112Z", "user": 1, "content_type": 11, "object_id": "19", "object_repr": "color", "action_flag": 1, "change_message": "[{\"added\": {}}]"}}, {"model": "admin.logentry", "pk": 62, "fields": {"action_time": "2022-02-10T17:45:38.618Z", "user": 1, "content_type": 11, "object_id": "20", "object_repr": "size", "action_flag": 1, "change_message": "[{\"added\": {}}]"}}, {"model": "admin.logentry", "pk": 63, "fields": {"action_time": "2022-02-10T17:46:10.068Z", "user": 1, "content_type": 11, "object_id": "21", "object_repr": "size", "action_flag": 1, "change_message": "[{\"added\": {}}]"}}, {"model": "admin.logentry", "pk": 64, "fields": {"action_time": "2022-02-10T17:47:08.448Z", "user": 1, "content_type": 11, "object_id": "22", "object_repr": "color", "action_flag": 1, "change_message": "[{\"added\": {}}]"}}, {"model": "admin.logentry", "pk": 65, "fields": {"action_time": "2022-02-10T17:47:52.457Z", "user": 1, "content_type": 11, "object_id": "23", "object_repr": "color", "action_flag": 1, "change_message": "[{\"added\": {}}]"}}, {"model": "admin.logentry", "pk": 66, "fields": {"action_time": "2022-02-10T17:48:16.913Z", "user": 1, "content_type": 11, "object_id": "24", "object_repr": "color", "action_flag": 1, "change_message": "[{\"added\": {}}]"}}, {"model": "admin.logentry", "pk": 67, "fields": {"action_time": "2022-02-10T17:48:45.294Z", "user": 1, "content_type": 11, "object_id": "25", "object_repr": "color", "action_flag": 1, "change_message": "[{\"added\": {}}]"}}, {"model": "admin.logentry", "pk": 68, "fields": {"action_time": "2022-02-10T17:49:11.302Z", "user": 1, "content_type": 11, "object_id": "26", "object_repr": "color", "action_flag": 1, "change_message": "[{\"added\": {}}]"}}, {"model": "admin.logentry", "pk": 69, "fields": {"action_time": "2022-02-10T17:49:28.659Z", "user": 1, "content_type": 11, "object_id": "27", "object_repr": "color", "action_flag": 1, "change_message": "[{\"added\": {}}]"}}, {"model": "admin.logentry", "pk": 70, "fields": {"action_time": "2022-02-10T17:49:54.623Z", "user": 1, "content_type": 11, "object_id": "28", "object_repr": "color", "action_flag": 1, "change_message": "[{\"added\": {}}]"}}, {"model": "admin.logentry", "pk": 71, "fields": {"action_time": "2022-02-10T17:50:28.996Z", "user": 1, "content_type": 11, "object_id": "29", "object_repr": "color", "action_flag": 1, "change_message": "[{\"added\": {}}]"}}, {"model": "admin.logentry", "pk": 72, "fields": {"action_time": "2022-02-10T17:51:08.010Z", "user": 1, "content_type": 11, "object_id": "30", "object_repr": "color", "action_flag": 1, "change_message": "[{\"added\": {}}]"}}, {"model": "admin.logentry", "pk": 73, "fields": {"action_time": "2022-02-10T17:51:27.544Z", "user": 1, "content_type": 11, "object_id": "31", "object_repr": "color", "action_flag": 1, "change_message": "[{\"added\": {}}]"}}, {"model": "admin.logentry", "pk": 74, "fields": {"action_time": "2022-02-10T17:51:49.979Z", "user": 1, "content_type": 11, "object_id": "32", "object_repr": "color", "action_flag": 1, "change_message": "[{\"added\": {}}]"}}, {"model": "admin.logentry", "pk": 75, "fields": {"action_time": "2022-02-10T17:52:07.504Z", "user": 1, "content_type": 11, "object_id": "33", "object_repr": "color", "action_flag": 1, "change_message": "[{\"added\": {}}]"}}, {"model": "admin.logentry", "pk": 76, "fields": {"action_time": "2022-02-10T17:52:35.613Z", "user": 1, "content_type": 11, "object_id": "34", "object_repr": "color", "action_flag": 1, "change_message": "[{\"added\": {}}]"}}, {"model": "admin.logentry", "pk": 77, "fields": {"action_time": "2022-02-10T17:52:56.109Z", "user": 1, "content_type": 11, "object_id": "35", "object_repr": "color", "action_flag": 1, "change_message": "[{\"added\": {}}]"}}, {"model": "admin.logentry", "pk": 78, "fields": {"action_time": "2022-02-10T17:53:21.486Z", "user": 1, "content_type": 11, "object_id": "36", "object_repr": "size", "action_flag": 1, "change_message": "[{\"added\": {}}]"}}, {"model": "admin.logentry", "pk": 79, "fields": {"action_time": "2022-02-10T17:53:43.493Z", "user": 1, "content_type": 11, "object_id": "37", "object_repr": "color", "action_flag": 1, "change_message": "[{\"added\": {}}]"}}, {"model": "admin.logentry", "pk": 80, "fields": {"action_time": "2022-02-10T17:54:20.279Z", "user": 1, "content_type": 11, "object_id": "38", "object_repr": "size", "action_flag": 1, "change_message": "[{\"added\": {}}]"}}, {"model": "admin.logentry", "pk": 81, "fields": {"action_time": "2022-02-10T17:54:42.270Z", "user": 1, "content_type": 11, "object_id": "39", "object_repr": "color", "action_flag": 1, "change_message": "[{\"added\": {}}]"}}, {"model": "admin.logentry", "pk": 82, "fields": {"action_time": "2022-02-10T17:56:21.075Z", "user": 1, "content_type": 11, "object_id": "40", "object_repr": "color", "action_flag": 1, "change_message": "[{\"added\": {}}]"}}, {"model": "admin.logentry", "pk": 83, "fields": {"action_time": "2022-02-10T17:56:43.091Z", "user": 1, "content_type": 11, "object_id": "41", "object_repr": "size", "action_flag": 1, "change_message": "[{\"added\": {}}]"}}, {"model": "admin.logentry", "pk": 84, "fields": {"action_time": "2022-02-10T18:00:20.935Z", "user": 1, "content_type": 8, "object_id": "2", "object_repr": "clothes", "action_flag": 2, "change_message": "[{\"changed\": {\"fields\": [\"Images\"]}}]"}}, {"model": "admin.logentry", "pk": 85, "fields": {"action_time": "2022-02-10T18:56:18.824Z", "user": 1, "content_type": 7, "object_id": "5", "object_repr": "shivanik6666@gmail.com", "action_flag": 3, "change_message": ""}}, {"model": "admin.logentry", "pk": 86, "fields": {"action_time": "2022-02-10T19:02:11.949Z", "user": 1, "content_type": 7, "object_id": "6", "object_repr": "varshakumari54819@gmail.com", "action_flag": 3, "change_message": ""}}, {"model": "admin.logentry", "pk": 87, "fields": {"action_time": "2022-02-10T19:21:20.975Z", "user": 1, "content_type": 7, "object_id": "8", "object_repr": "shivanik6666@gmail.com", "action_flag": 3, "change_message": ""}}, {"model": "admin.logentry", "pk": 88, "fields": {"action_time": "2022-02-10T19:25:46.494Z", "user": 1, "content_type": 7, "object_id": "9", "object_repr": "shivanik6666@gmail.com", "action_flag": 3, "change_message": ""}}, {"model": "admin.logentry", "pk": 89, "fields": {"action_time": "2022-02-10T19:28:25.682Z", "user": 1, "content_type": 7, "object_id": "1", "object_repr": "aadyaparasar1234@gmail.com", "action_flag": 2, "change_message": "[{\"changed\": {\"fields\": [\"Phone number\"]}}]"}}, {"model": "admin.logentry", "pk": 90, "fields": {"action_time": "2022-02-11T03:35:18.697Z", "user": 1, "content_type": 7, "object_id": "10", "object_repr": "shivanik6666@gmail.com", "action_flag": 3, "change_message": ""}}, {"model": "admin.logentry", "pk": 91, "fields": {"action_time": "2022-02-11T03:35:28.686Z", "user": 1, "content_type": 7, "object_id": "7", "object_repr": "varshakumari54819@gmail.com", "action_flag": 3, "change_message": ""}}, {"model": "admin.logentry", "pk": 92, "fields": {"action_time": "2022-02-11T05:58:14.630Z", "user": 1, "content_type": 7, "object_id": "11", "object_repr": "csefinalyear2022@gmail.com", "action_flag": 3, "change_message": ""}}, {"model": "admin.logentry", "pk": 93, "fields": {"action_time": "2022-02-11T06:04:12.266Z", "user": 1, "content_type": 7, "object_id": "12", "object_repr": "csefinalyear2022@gmail.com", "action_flag": 3, "change_message": ""}}, {"model": "admin.logentry", "pk": 94, "fields": {"action_time": "2022-02-11T06:09:42.851Z", "user": 1, "content_type": 7, "object_id": "13", "object_repr": "csefinalyear2022@gmail.com", "action_flag": 3, "change_message": ""}}, {"model": "admin.logentry", "pk": 95, "fields": {"action_time": "2022-02-11T06:16:39.708Z", "user": 1, "content_type": 7, "object_id": "14", "object_repr": "csefinalyear2022@gmail.com", "action_flag": 3, "change_message": ""}}, {"model": "admin.logentry", "pk": 96, "fields": {"action_time": "2022-02-11T06:19:33.224Z", "user": 1, "content_type": 7, "object_id": "15", "object_repr": "csefinalyear2022@gmail.com", "action_flag": 3, "change_message": ""}}, {"model": "admin.logentry", "pk": 97, "fields": {"action_time": "2022-03-09T06:44:39.870Z", "user": 1, "content_type": 7, "object_id": "16", "object_repr": "csefinalyear2022@gmail.com", "action_flag": 3, "change_message": ""}}, {"model": "auth.permission", "pk": 1, "fields": {"name": "Can add log entry", "content_type": 1, "codename": "add_logentry"}}, {"model": "auth.permission", "pk": 2, "fields": {"name": "Can change log entry", "content_type": 1, "codename": "change_logentry"}}, {"model": "auth.permission", "pk": 3, "fields": {"name": "Can delete log entry", "content_type": 1, "codename": "delete_logentry"}}, {"model": "auth.permission", "pk": 4, "fields": {"name": "Can view log entry", "content_type": 1, "codename": "view_logentry"}}, {"model": "auth.permission", "pk": 5, "fields": {"name": "Can add permission", "content_type": 2, "codename": "add_permission"}}, {"model": "auth.permission", "pk": 6, "fields": {"name": "Can change permission", "content_type": 2, "codename": "change_permission"}}, {"model": "auth.permission", "pk": 7, "fields": {"name": "Can delete permission", "content_type": 2, "codename": "delete_permission"}}, {"model": "auth.permission", "pk": 8, "fields": {"name": "Can view permission", "content_type": 2, "codename": "view_permission"}}, {"model": "auth.permission", "pk": 9, "fields": {"name": "Can add group", "content_type": 3, "codename": "add_group"}}, {"model": "auth.permission", "pk": 10, "fields": {"name": "Can change group", "content_type": 3, "codename": "change_group"}}, {"model": "auth.permission", "pk": 11, "fields": {"name": "Can delete group", "content_type": 3, "codename": "delete_group"}}, {"model": "auth.permission", "pk": 12, "fields": {"name": "Can view group", "content_type": 3, "codename": "view_group"}}, {"model": "auth.permission", "pk": 13, "fields": {"name": "Can add content type", "content_type": 4, "codename": "add_contenttype"}}, {"model": "auth.permission", "pk": 14, "fields": {"name": "Can change content type", "content_type": 4, "codename": "change_contenttype"}}, {"model": "auth.permission", "pk": 15, "fields": {"name": "Can delete content type", "content_type": 4, "codename": "delete_contenttype"}}, {"model": "auth.permission", "pk": 16, "fields": {"name": "Can view content type", "content_type": 4, "codename": "view_contenttype"}}, {"model": "auth.permission", "pk": 17, "fields": {"name": "Can add session", "content_type": 5, "codename": "add_session"}}, {"model": "auth.permission", "pk": 18, "fields": {"name": "Can change session", "content_type": 5, "codename": "change_session"}}, {"model": "auth.permission", "pk": 19, "fields": {"name": "Can delete session", "content_type": 5, "codename": "delete_session"}}, {"model": "auth.permission", "pk": 20, "fields": {"name": "Can view session", "content_type": 5, "codename": "view_session"}}, {"model": "auth.permission", "pk": 21, "fields": {"name": "Can add category", "content_type": 6, "codename": "add_category"}}, {"model": "auth.permission", "pk": 22, "fields": {"name": "Can change category", "content_type": 6, "codename": "change_category"}}, {"model": "auth.permission", "pk": 23, "fields": {"name": "Can delete category", "content_type": 6, "codename": "delete_category"}}, {"model": "auth.permission", "pk": 24, "fields": {"name": "Can view category", "content_type": 6, "codename": "view_category"}}, {"model": "auth.permission", "pk": 25, "fields": {"name": "Can add account", "content_type": 7, "codename": "add_account"}}, {"model": "auth.permission", "pk": 26, "fields": {"name": "Can change account", "content_type": 7, "codename": "change_account"}}, {"model": "auth.permission", "pk": 27, "fields": {"name": "Can delete account", "content_type": 7, "codename": "delete_account"}}, {"model": "auth.permission", "pk": 28, "fields": {"name": "Can view account", "content_type": 7, "codename": "view_account"}}, {"model": "auth.permission", "pk": 29, "fields": {"name": "Can add product", "content_type": 8, "codename": "add_product"}}, {"model": "auth.permission", "pk": 30, "fields": {"name": "Can change product", "content_type": 8, "codename": "change_product"}}, {"model": "auth.permission", "pk": 31, "fields": {"name": "Can delete product", "content_type": 8, "codename": "delete_product"}}, {"model": "auth.permission", "pk": 32, "fields": {"name": "Can view product", "content_type": 8, "codename": "view_product"}}, {"model": "auth.permission", "pk": 33, "fields": {"name": "Can add cart item", "content_type": 9, "codename": "add_cartitem"}}, {"model": "auth.permission", "pk": 34, "fields": {"name": "Can change cart item", "content_type": 9, "codename": "change_cartitem"}}, {"model": "auth.permission", "pk": 35, "fields": {"name": "Can delete cart item", "content_type": 9, "codename": "delete_cartitem"}}, {"model": "auth.permission", "pk": 36, "fields": {"name": "Can view cart item", "content_type": 9, "codename": "view_cartitem"}}, {"model": "auth.permission", "pk": 37, "fields": {"name": "Can add cart", "content_type": 10, "codename": "add_cart"}}, {"model": "auth.permission", "pk": 38, "fields": {"name": "Can change cart", "content_type": 10, "codename": "change_cart"}}, {"model": "auth.permission", "pk": 39, "fields": {"name": "Can delete cart", "content_type": 10, "codename": "delete_cart"}}, {"model": "auth.permission", "pk": 40, "fields": {"name": "Can view cart", "content_type": 10, "codename": "view_cart"}}, {"model": "auth.permission", "pk": 41, "fields": {"name": "Can add variation", "content_type": 11, "codename": "add_variation"}}, {"model": "auth.permission", "pk": 42, "fields": {"name": "Can change variation", "content_type": 11, "codename": "change_variation"}}, {"model": "auth.permission", "pk": 43, "fields": {"name": "Can delete variation", "content_type": 11, "codename": "delete_variation"}}, {"model": "auth.permission", "pk": 44, "fields": {"name": "Can view variation", "content_type": 11, "codename": "view_variation"}}, {"model": "auth.permission", "pk": 45, "fields": {"name": "Can add payment", "content_type": 12, "codename": "add_payment"}}, {"model": "auth.permission", "pk": 46, "fields": {"name": "Can change payment", "content_type": 12, "codename": "change_payment"}}, {"model": "auth.permission", "pk": 47, "fields": {"name": "Can delete payment", "content_type": 12, "codename": "delete_payment"}}, {"model": "auth.permission", "pk": 48, "fields": {"name": "Can view payment", "content_type": 12, "codename": "view_payment"}}, {"model": "auth.permission", "pk": 49, "fields": {"name": "Can add order", "content_type": 13, "codename": "add_order"}}, {"model": "auth.permission", "pk": 50, "fields": {"name": "Can change order", "content_type": 13, "codename": "change_order"}}, {"model": "auth.permission", "pk": 51, "fields": {"name": "Can delete order", "content_type": 13, "codename": "delete_order"}}, {"model": "auth.permission", "pk": 52, "fields": {"name": "Can view order", "content_type": 13, "codename": "view_order"}}, {"model": "auth.permission", "pk": 53, "fields": {"name": "Can add order product", "content_type": 14, "codename": "add_orderproduct"}}, {"model": "auth.permission", "pk": 54, "fields": {"name": "Can change order product", "content_type": 14, "codename": "change_orderproduct"}}, {"model": "auth.permission", "pk": 55, "fields": {"name": "Can delete order product", "content_type": 14, "codename": "delete_orderproduct"}}, {"model": "auth.permission", "pk": 56, "fields": {"name": "Can view order product", "content_type": 14, "codename": "view_orderproduct"}}, {"model": "auth.permission", "pk": 57, "fields": {"name": "Can add review rating", "content_type": 15, "codename": "add_reviewrating"}}, {"model": "auth.permission", "pk": 58, "fields": {"name": "Can change review rating", "content_type": 15, "codename": "change_reviewrating"}}, {"model": "auth.permission", "pk": 59, "fields": {"name": "Can delete review rating", "content_type": 15, "codename": "delete_reviewrating"}}, {"model": "auth.permission", "pk": 60, "fields": {"name": "Can view review rating", "content_type": 15, "codename": "view_reviewrating"}}, {"model": "auth.permission", "pk": 61, "fields": {"name": "Can add user profile", "content_type": 16, "codename": "add_userprofile"}}, {"model": "auth.permission", "pk": 62, "fields": {"name": "Can change user profile", "content_type": 16, "codename": "change_userprofile"}}, {"model": "auth.permission", "pk": 63, "fields": {"name": "Can delete user profile", "content_type": 16, "codename": "delete_userprofile"}}, {"model": "auth.permission", "pk": 64, "fields": {"name": "Can view user profile", "content_type": 16, "codename": "view_userprofile"}}, {"model": "auth.permission", "pk": 65, "fields": {"name": "Can add product gallery", "content_type": 17, "codename": "add_productgallery"}}, {"model": "auth.permission", "pk": 66, "fields": {"name": "Can change product gallery", "content_type": 17, "codename": "change_productgallery"}}, {"model": "auth.permission", "pk": 67, "fields": {"name": "Can delete product gallery", "content_type": 17, "codename": "delete_productgallery"}}, {"model": "auth.permission", "pk": 68, "fields": {"name": "Can view product gallery", "content_type": 17, "codename": "view_productgallery"}}, {"model": "auth.permission", "pk": 69, "fields": {"name": "Can add login attempt", "content_type": 18, "codename": "add_loginattempt"}}, {"model": "auth.permission", "pk": 70, "fields": {"name": "Can change login attempt", "content_type": 18, "codename": "change_loginattempt"}}, {"model": "auth.permission", "pk": 71, "fields": {"name": "Can delete login attempt", "content_type": 18, "codename": "delete_loginattempt"}}, {"model": "auth.permission", "pk": 72, "fields": {"name": "Can view login attempt", "content_type": 18, "codename": "view_loginattempt"}}, {"model": "contenttypes.contenttype", "pk": 1, "fields": {"app_label": "admin", "model": "logentry"}}, {"model": "contenttypes.contenttype", "pk": 2, "fields": {"app_label": "auth", "model": "permission"}}, {"model": "contenttypes.contenttype", "pk": 3, "fields": {"app_label": "auth", "model": "group"}}, {"model": "contenttypes.contenttype", "pk": 4, "fields": {"app_label": "contenttypes", "model": "contenttype"}}, {"model": "contenttypes.contenttype", "pk": 5, "fields": {"app_label": "sessions", "model": "session"}}, {"model": "contenttypes.contenttype", "pk": 6, "fields": {"app_label": "category", "model": "category"}}, {"model": "contenttypes.contenttype", "pk": 7, "fields": {"app_label": "accounts", "model": "account"}}, {"model": "contenttypes.contenttype", "pk": 8, "fields": {"app_label": "store", "model": "product"}}, {"model": "contenttypes.contenttype", "pk": 9, "fields": {"app_label": "carts", "model": "cartitem"}}, {"model": "contenttypes.contenttype", "pk": 10, "fields": {"app_label": "carts", "model": "cart"}}, {"model": "contenttypes.contenttype", "pk": 11, "fields": {"app_label": "store", "model": "variation"}}, {"model": "contenttypes.contenttype", "pk": 12, "fields": {"app_label": "orders", "model": "payment"}}, {"model": "contenttypes.contenttype", "pk": 13, "fields": {"app_label": "orders", "model": "order"}}, {"model": "contenttypes.contenttype", "pk": 14, "fields": {"app_label": "orders", "model": "orderproduct"}}, {"model": "contenttypes.contenttype", "pk": 15, "fields": {"app_label": "store", "model": "reviewrating"}}, {"model": "contenttypes.contenttype", "pk": 16, "fields": {"app_label": "accounts", "model": "userprofile"}}, {"model": "contenttypes.contenttype", "pk": 17, "fields": {"app_label": "store", "model": "productgallery"}}, {"model": "contenttypes.contenttype", "pk": 18, "fields": {"app_label": "admin_honeypot", "model": "loginattempt"}}, {"model": "sessions.session", "pk": "062jiycu6e3km1gfvbk2zvf9j8exmif4", "fields": {"session_data": ".eJxVjDsOwjAQBe_iGlle_01JzxmstXeFA8iR4qRC3B0ipYD2zcx7iYzb2vI2eMkTibMAcfrdCtYH9x3QHfttlnXu6zIVuSvyoENeZ-Ln5XD_DhqO9q1joKqTKd5Y5RmNj8mmCtFVraEAG-0ZlLHgFARdIymnFSUs0QZODOL9Aa9ENnk:1n1N3R:cFE0GhVqeMw6BI_yeo0Olto89fzBjuYHa68HW0FZn_g", "expire_date": "2022-01-09T06:30:49.226Z"}}, {"model": "sessions.session", "pk": "2tka6nrt0ejwwn176o5mgm4sbxt341vq", "fields": {"session_data": "e30:1n6pmr:Nm7NTpK5siMmVWVrOVIPr8obLNK30oaFcSzabjy5Ysg", "expire_date": "2022-01-24T08:12:17.593Z"}}, {"model": "sessions.session", "pk": "5b7f6wwx1ylq490qwlf34wwhny1dn6to", "fields": {"session_data": ".eJxVjDsOwjAQBe_iGlle_01JzxmstXeFA8iR4qRC3B0ipYD2zcx7iYzb2vI2eMkTibMAcfrdCtYH9x3QHfttlnXu6zIVuSvyoENeZ-Ln5XD_DhqO9q1joKqTKd5Y5RmNj8mmCtFVraEAG-0ZlLHgFARdIymnFSUs0QZODOL9Aa9ENnk:1nRqHk:3NJKwoIaReMRY2erN9dQvriCSb07N2f-SN_kLEHQKBo", "expire_date": "2022-03-23T06:59:00.987Z"}}, {"model": "sessions.session", "pk": "rcwp84o60dzos837us5n8abxkakhhh8y", "fields": {"session_data": ".eJxVjMEOwiAQRP-FsyHQLix49O43kF1AqRpISnsy_rtt0oOeJpn3Zt4i0LqUsPY8hymJs9BWnH5LpvjMdSfpQfXeZGx1mSeWuyIP2uW1pfy6HO7fQaFetjUp8GoEp61zNxd5YNiS2BpPNDB5IMyAqEATaBzR-MjWZxiTQmeN-HwB7xk3Kg:1nIPKf:1UuuI0okz1cx95sOtGSfMVmEuj8xQZJUVrtkhlInwzw", "expire_date": "2022-02-25T06:23:01.462Z"}}, {"model": "sessions.session", "pk": "sjeqi5iknqt24896kn08m3ib23o94brk", "fields": {"session_data": ".eJxVjDsOwjAQBe_iGlle_01JzxmstXeFA8iR4qRC3B0ipYD2zcx7iYzb2vI2eMkTibMAcfrdCtYH9x3QHfttlnXu6zIVuSvyoENeZ-Ln5XD_DhqO9q1joKqTKd5Y5RmNj8mmCtFVraEAG-0ZlLHgFARdIymnFSUs0QZODOL9Aa9ENnk:1neDkq:KoZBxrHq7yf2-zz4a0ZSAkkWW8Og1MK73_zXle27I1Y", "expire_date": "2022-04-26T10:28:12.607Z"}}, {"model": "sessions.session", "pk": "t9hp3ug74phtp939hppevbja1pdi6h7l", "fields": {"session_data": ".eJxVjDsOwjAQBe_iGlle_01JzxmstXeFA8iR4qRC3B0ipYD2zcx7iYzb2vI2eMkTibMAcfrdCtYH9x3QHfttlnXu6zIVuSvyoENeZ-Ln5XD_DhqO9q1joKqTKd5Y5RmNj8mmCtFVraEAG-0ZlLHgFARdIymnFSUs0QZODOL9Aa9ENnk:1n7H9M:dHfmz3Oey07CQ3ssAnWI9pRJD4c3_vzDRK-vTTWSyG0", "expire_date": "2022-01-25T13:25:20.783Z"}}, {"model": "sessions.session", "pk": "viqs49dsmc6g0l3rfl3kg52jq76mq87u", "fields": {"session_data": "e30:1nCOtt:I1OV4N-IEwqd-NZvZ2PLC6oJtuzAMRjmZcsUfvZ_Ssg", "expire_date": "2022-02-08T16:42:33.163Z"}}, {"model": "category.category", "pk": 1, "fields": {"category_name": "Accessories", "slug": "handmade-accessories", "description": "Buying handmade also means buying products which are  unique!", "cat_image": "photos/categories/accessories.jpg"}}, {"model": "category.category", "pk": 2, "fields": {"category_name": "Clay Pots", "slug": "handmade-clay-pots", "description": "We shape clay into a pot, but it is the emptiness inside that holds whatever we want.", "cat_image": "photos/categories/clay_pots.jpeg"}}, {"model": "category.category", "pk": 3, "fields": {"category_name": "Clothes", "slug": "handmade-clothes", "description": "Life is too short to wear mass market clothes, choose Hand Made.", "cat_image": "photos/categories/clothes.jpg"}}, {"model": "category.category", "pk": 4, "fields": {"category_name": "Decor Items", "slug": "handmade-decor-items", "description": "You can't buy LOVE, but you can buy Handmade and that's kind of the same thing.", "cat_image": "photos/categories/jharkhand-craft-art.jpg"}}, {"model": "accounts.account", "pk": 1, "fields": {"password": "pbkdf2_sha256$216000$9jsYe7ovCH5a$ZXKSR3NYLo5rjdoxBljuwO2BYdiI0oUpQfOb/8/fK4M=", "first_name": "Aadya", "last_name": "Parasar", "username": "djangoadmin", "email": "aadyaparasar1234@gmail.com", "phone_number": "7004680957", "date_joined": "2021-12-26T06:29:11.094Z", "last_login": "2022-04-12T10:28:12.383Z", "is_admin": true, "is_staff": true, "is_active": true, "is_superadmin": true}}, {"model": "accounts.account", "pk": 2, "fields": {"password": "pbkdf2_sha256$216000$ybLnyZmKKFa4$nhzqpJu/nuOzGbUdObhi4U2GtM7KuNWgdJjm5RI28XI=", "first_name": "Jhon", "last_name": "Doe", "username": "jhon.doe", "email": "jhon.doe@gmail.com", "phone_number": "1234456778", "date_joined": "2022-02-09T05:40:48.807Z", "last_login": "2022-02-09T05:40:48.807Z", "is_admin": false, "is_staff": false, "is_active": false, "is_superadmin": false}}, {"model": "accounts.account", "pk": 3, "fields": {"password": "pbkdf2_sha256$216000$4cny64jl7UKg$tsab0Y4+KRZjveOMHCllms66fouVoOr/RfjDA+4+xNc=", "first_name": "Aadya", "last_name": "Parasar", "username": "aadya2", "email": "aadya2@gmail.com", "phone_number": "9987674509", "date_joined": "2022-02-09T06:13:13.073Z", "last_login": "2022-02-09T06:13:13.073Z", "is_admin": false, "is_staff": false, "is_active": false, "is_superadmin": false}}, {"model": "accounts.account", "pk": 4, "fields": {"password": "pbkdf2_sha256$216000$p8hKO6RDvfLt$dyuCUOIkCqKlrc1b8QFURAaWe2o2vGoqkEXeV8BEQXg=", "first_name": "Jack", "last_name": "Joe", "username": "jack3", "email": "jack3@gmail.com", "phone_number": "9807789543", "date_joined": "2022-02-09T06:44:38.681Z", "last_login": "2022-02-09T06:44:38.681Z", "is_admin": false, "is_staff": false, "is_active": false, "is_superadmin": false}}, {"model": "accounts.account", "pk": 17, "fields": {"password": "pbkdf2_sha256$216000$NajQXpf5iUVc$rGF83jVFaFYQQfovVgh6KlWH016DiTq7nM9PDltCPsY=", "first_name": "Aadya", "last_name": "Parasar", "username": "csefinalyear2022", "email": "csefinalyear2022@gmail.com", "phone_number": "757890545", "date_joined": "2022-03-09T06:57:32.933Z", "last_login": "2022-03-09T06:57:32.933Z", "is_admin": false, "is_staff": false, "is_active": true, "is_superadmin": false}}, {"model": "store.product", "pk": 1, "fields": {"product_name": "candles", "slug": "candles", "description": "hvhkkbgkgtxdtesedgftjyukhkhfcrserdrtgyhukhvfxssetrftuyuigxdszsdftyuifgxsedfyugydtrfuy", "price": 66, "images": "photos/products/candles.jpg", "stock": 0, "is_available": true, "category": 4, "created_date": "2021-12-27T06:05:42.186Z", "modified_date": "2022-01-07T16:45:01.056Z"}}, {"model": "store.product", "pk": 2, "fields": {"product_name": "clothes", "slug": "clothes", "description": "nj nsljn ljsnksj;sk;osdkb  dsbcisdhjcidjc iochjcijc icjijcokc ijcjosdcosdkcoksdockosdkcodsjisduhsu gs", "price": 999, "images": "photos/products/khadi_clothes.jpg", "stock": 50, "is_available": true, "category": 3, "created_date": "2021-12-27T06:08:34.416Z", "modified_date": "2022-02-10T18:00:20.906Z"}}, {"model": "store.product", "pk": 3, "fields": {"product_name": "Jewellaries", "slug": "jewellaries", "description": "hkhbkhbjnjln ugkgkhbkhbkhb gygyiggyigiy yfyguihuihuihutydrtyrft ffyugygyiguhuh", "price": 150, "images": "photos/products/jewellery.jpg", "stock": 90, "is_available": true, "category": 1, "created_date": "2021-12-27T06:10:58.211Z", "modified_date": "2022-01-07T16:44:22.743Z"}}, {"model": "store.product", "pk": 4, "fields": {"product_name": "clay pots", "slug": "clay-pots", "description": "hjbhjvghchgvgj jvvgjhyhjhbkb hgvygiyuo fyyguhkj", "price": 50, "images": "photos/products/pots.jpg", "stock": 1000, "is_available": true, "category": 2, "created_date": "2021-12-27T06:14:15.118Z", "modified_date": "2022-01-07T16:45:23.262Z"}}, {"model": "store.product", "pk": 6, "fields": {"product_name": "Bangles", "slug": "bangles", "description": "gjjghjbkjnjn vgyfvftdetdsetsdytfgiuk fcthgcccccccccccccccccc jygiuihhhhlnkbjhvgcfxgdhjgkh", "price": 89, "images": "photos/products/Bangles.jpg", "stock": 700, "is_available": true, "category": 1, "created_date": "2021-12-27T06:19:36.476Z", "modified_date": "2022-01-07T16:44:04.734Z"}}, {"model": "store.product", "pk": 7, "fields": {"product_name": "Necklaces", "slug": "necklaces", "description": "bhjvfgtcxdxdfhghkbvghc hjvtugyiuhiljnhvgcxgdryfguh gcgjguu9ygfdrttfgukj", "price": 300, "images": "photos/products/necklace.jpeg", "stock": 1000, "is_available": true, "category": 1, "created_date": "2021-12-27T06:21:03.763Z", "modified_date": "2022-01-07T16:43:49.067Z"}}, {"model": "store.product", "pk": 9, "fields": {"product_name": "Mavi_jeans", "slug": "mavi_jeans", "description": "gvjkhjknjkhvcgfxdgcfgyjgfcfx ghctghijhytddrfyuhgc gfyuhugfdxztuiuiyfdyrs", "price": 800, "images": "photos/products/Mavi_jeans.jpg", "stock": 490, "is_available": true, "category": 3, "created_date": "2021-12-27T06:25:08.970Z", "modified_date": "2021-12-27T06:25:08.970Z"}}, {"model": "store.product", "pk": 10, "fields": {"product_name": "Hand Bags", "slug": "hand-bags", "description": "rdcrfyhcyhfvtgvjhbhjhbgvtcfdrtdesx ggtftygyuhuygfrdterfgyuhytfrdesxxfdghbj", "price": 300, "images": "photos/products/handbags.jpg", "stock": 500, "is_available": true, "category": 1, "created_date": "2022-01-07T16:38:10.677Z", "modified_date": "2022-01-07T16:41:08.618Z"}}, {"model": "store.product", "pk": 11, "fields": {"product_name": "Hair Bands", "slug": "hair-bands", "description": "hgvgvhjbjkjlkjnbhjgvcfcxdx cfvgjhybujkjnhuyfcddrfyughg ghvjhybijhgtfrdxszdfgthji", "price": 5, "images": "photos/products/hairbands.jpg", "stock": 5000, "is_available": true, "category": 1, "created_date": "2022-01-07T16:47:11.462Z", "modified_date": "2022-01-07T16:47:11.462Z"}}, {"model": "store.product", "pk": 12, "fields": {"product_name": "flower pot", "slug": "flower-pot", "description": "vghbghyjbgvfgcffhyjg ftuyhuugfdxzsdrfgyhu gvffgcfyuhgftctyuh", "price": 200, "images": "photos/products/flower_pot.jpg", "stock": 500, "is_available": true, "category": 2, "created_date": "2022-01-07T16:51:10.749Z", "modified_date": "2022-01-07T16:51:10.749Z"}}, {"model": "store.product", "pk": 13, "fields": {"product_name": "Diya", "slug": "diya", "description": "hjhgcffvgbjvcxdfgh xtrguhgfcxdryytgfxd fhcftghuugfxdzxrtyugc", "price": 25, "images": "photos/products/diya.jpg", "stock": 5000, "is_available": true, "category": 2, "created_date": "2022-01-07T16:52:59.952Z", "modified_date": "2022-01-07T16:52:59.952Z"}}, {"model": "store.product", "pk": 14, "fields": {"product_name": "Clay Bowl", "slug": "clay-bowl", "description": "gfcvghjbhvfgcxdzfvhjgxdfdxc zxjykhigfdyxryduytgdszudf gdzxfjgufuxryyguc", "price": 150, "images": "photos/products/clay_bowl.jpg", "stock": 500, "is_available": true, "category": 2, "created_date": "2022-01-07T16:55:12.093Z", "modified_date": "2022-01-07T16:55:12.093Z"}}, {"model": "store.product", "pk": 15, "fields": {"product_name": "Clay Plates", "slug": "clay-plates", "description": "ghbkjbvcxfcjvcbjknjnljnljjljnjnjl  vhbkbkbkhbhbkh bbhbghygvuctgucxtdi", "price": 200, "images": "photos/products/clay_plates.jpg", "stock": 400, "is_available": true, "category": 2, "created_date": "2022-01-07T16:57:23.188Z", "modified_date": "2022-01-07T16:57:23.188Z"}}, {"model": "store.product", "pk": 16, "fields": {"product_name": "Ghada", "slug": "ghada", "description": "vgjhbhkbvfjgkvh fxckyhvcxutiygf gjvkbgvciyulgcyfogi", "price": 40, "images": "photos/products/Ghada.jpeg", "stock": 1000, "is_available": true, "category": 2, "created_date": "2022-01-07T16:59:24.635Z", "modified_date": "2022-01-07T16:59:24.635Z"}}, {"model": "store.product", "pk": 17, "fields": {"product_name": "Paperweight", "slug": "paperweight", "description": "tfyfiyfif cfyfut5s4w576r7rdgdhfjyhdrytyfrduttuy jfutdsyr5e6rthkcxfhh.Paperweight", "price": 80, "images": "photos/products/paperweight.jpg", "stock": 490, "is_available": true, "category": 2, "created_date": "2022-01-07T17:01:29.358Z", "modified_date": "2022-01-11T13:25:52.115Z"}}, {"model": "store.variation", "pk": 1, "fields": {"product": 1, "variation_category": "color", "variation_value": "White", "is_active": true, "created_date": "2022-01-21T17:20:16.564Z"}}, {"model": "store.variation", "pk": 2, "fields": {"product": 2, "variation_category": "color", "variation_value": "Blue", "is_active": true, "created_date": "2022-01-21T16:29:07.734Z"}}, {"model": "store.variation", "pk": 3, "fields": {"product": 2, "variation_category": "color", "variation_value": "Green", "is_active": true, "created_date": "2022-01-21T16:29:30.254Z"}}, {"model": "store.variation", "pk": 4, "fields": {"product": 2, "variation_category": "size", "variation_value": "Medium", "is_active": true, "created_date": "2022-01-22T16:21:38.618Z"}}, {"model": "store.variation", "pk": 5, "fields": {"product": 2, "variation_category": "size", "variation_value": "Large", "is_active": true, "created_date": "2022-01-22T16:22:06.841Z"}}, {"model": "store.variation", "pk": 6, "fields": {"product": 2, "variation_category": "color", "variation_value": "Red", "is_active": true, "created_date": "2022-01-24T16:05:00.823Z"}}, {"model": "store.variation", "pk": 7, "fields": {"product": 3, "variation_category": "color", "variation_value": "Red", "is_active": true, "created_date": "2022-02-10T17:30:07.982Z"}}, {"model": "store.variation", "pk": 8, "fields": {"product": 3, "variation_category": "color", "variation_value": "Blue", "is_active": true, "created_date": "2022-02-10T17:30:24.571Z"}}, {"model": "store.variation", "pk": 9, "fields": {"product": 3, "variation_category": "color", "variation_value": "Green", "is_active": true, "created_date": "2022-02-10T17:34:09.665Z"}}, {"model": "store.variation", "pk": 10, "fields": {"product": 1, "variation_category": "color", "variation_value": "Red", "is_active": true, "created_date": "2022-02-10T17:34:35.520Z"}}, {"model": "store.variation", "pk": 11, "fields": {"product": 1, "variation_category": "color", "variation_value": "White", "is_active": true, "created_date": "2022-02-10T17:35:32.514Z"}}, {"model": "store.variation", "pk": 12, "fields": {"product": 4, "variation_category": "color", "variation_value": "Red", "is_active": true, "created_date": "2022-02-10T17:36:09.920Z"}}, {"model": "store.variation", "pk": 13, "fields": {"product": 4, "variation_category": "color", "variation_value": "Green", "is_active": true, "created_date": "2022-02-10T17:36:38.297Z"}}, {"model": "store.variation", "pk": 14, "fields": {"product": 6, "variation_category": "color", "variation_value": "Red", "is_active": true, "created_date": "2022-02-10T17:36:53.786Z"}}, {"model": "store.variation", "pk": 15, "fields": {"product": 6, "variation_category": "color", "variation_value": "Green", "is_active": true, "created_date": "2022-02-10T17:37:17.913Z"}}, {"model": "store.variation", "pk": 16, "fields": {"product": 6, "variation_category": "color", "variation_value": "Blue", "is_active": true, "created_date": "2022-02-10T17:38:27.284Z"}}, {"model": "store.variation", "pk": 17, "fields": {"product": 7, "variation_category": "color", "variation_value": "Red", "is_active": true, "created_date": "2022-02-10T17:38:54.924Z"}}, {"model": "store.variation", "pk": 18, "fields": {"product": 7, "variation_category": "color", "variation_value": "Green", "is_active": true, "created_date": "2022-02-10T17:39:13.491Z"}}, {"model": "store.variation", "pk": 19, "fields": {"product": 9, "variation_category": "color", "variation_value": "Blue", "is_active": true, "created_date": "2022-02-10T17:45:10.092Z"}}, {"model": "store.variation", "pk": 20, "fields": {"product": 9, "variation_category": "size", "variation_value": "Medium", "is_active": true, "created_date": "2022-02-10T17:45:38.586Z"}}, {"model": "store.variation", "pk": 21, "fields": {"product": 9, "variation_category": "size", "variation_value": "Large", "is_active": true, "created_date": "2022-02-10T17:46:10.051Z"}}, {"model": "store.variation", "pk": 22, "fields": {"product": 10, "variation_category": "color", "variation_value": "Red", "is_active": true, "created_date": "2022-02-10T17:47:08.436Z"}}, {"model": "store.variation", "pk": 23, "fields": {"product": 10, "variation_category": "color", "variation_value": "Green", "is_active": true, "created_date": "2022-02-10T17:47:52.192Z"}}, {"model": "store.variation", "pk": 24, "fields": {"product": 10, "variation_category": "color", "variation_value": "Blue", "is_active": true, "created_date": "2022-02-10T17:48:16.881Z"}}, {"model": "store.variation", "pk": 25, "fields": {"product": 10, "variation_category": "color", "variation_value": "White", "is_active": true, "created_date": "2022-02-10T17:48:45.281Z"}}, {"model": "store.variation", "pk": 26, "fields": {"product": 11, "variation_category": "color", "variation_value": "Blue", "is_active": true, "created_date": "2022-02-10T17:49:11.283Z"}}, {"model": "store.variation", "pk": 27, "fields": {"product": 11, "variation_category": "color", "variation_value": "Red", "is_active": true, "created_date": "2022-02-10T17:49:28.625Z"}}, {"model": "store.variation", "pk": 28, "fields": {"product": 12, "variation_category": "color", "variation_value": "Red", "is_active": true, "created_date": "2022-02-10T17:49:54.619Z"}}, {"model": "store.variation", "pk": 29, "fields": {"product": 12, "variation_category": "color", "variation_value": "Green", "is_active": true, "created_date": "2022-02-10T17:50:28.968Z"}}, {"model": "store.variation", "pk": 30, "fields": {"product": 12, "variation_category": "color", "variation_value": "Green", "is_active": true, "created_date": "2022-02-10T17:51:07.974Z"}}, {"model": "store.variation", "pk": 31, "fields": {"product": 13, "variation_category": "color", "variation_value": "Red", "is_active": true, "created_date": "2022-02-10T17:51:27.539Z"}}, {"model": "store.variation", "pk": 32, "fields": {"product": 13, "variation_category": "color", "variation_value": "Green", "is_active": true, "created_date": "2022-02-10T17:51:49.948Z"}}, {"model": "store.variation", "pk": 33, "fields": {"product": 13, "variation_category": "color", "variation_value": "Blue", "is_active": true, "created_date": "2022-02-10T17:52:07.493Z"}}, {"model": "store.variation", "pk": 34, "fields": {"product": 14, "variation_category": "color", "variation_value": "Red", "is_active": true, "created_date": "2022-02-10T17:52:35.596Z"}}, {"model": "store.variation", "pk": 35, "fields": {"product": 14, "variation_category": "color", "variation_value": "White", "is_active": true, "created_date": "2022-02-10T17:52:56.097Z"}}, {"model": "store.variation", "pk": 36, "fields": {"product": 14, "variation_category": "size", "variation_value": "Medium", "is_active": true, "created_date": "2022-02-10T17:53:21.473Z"}}, {"model": "store.variation", "pk": 37, "fields": {"product": 15, "variation_category": "color", "variation_value": "White", "is_active": true, "created_date": "2022-02-10T17:53:43.489Z"}}, {"model": "store.variation", "pk": 38, "fields": {"product": 15, "variation_category": "size", "variation_value": "Medium", "is_active": true, "created_date": "2022-02-10T17:54:20.249Z"}}, {"model": "store.variation", "pk": 39, "fields": {"product": 16, "variation_category": "color", "variation_value": "Red", "is_active": true, "created_date": "2022-02-10T17:54:42.266Z"}}, {"model": "store.variation", "pk": 40, "fields": {"product": 17, "variation_category": "color", "variation_value": "White", "is_active": true, "created_date": "2022-02-10T17:56:21.045Z"}}, {"model": "store.variation", "pk": 41, "fields": {"product": 17, "variation_category": "size", "variation_value": "Medium", "is_active": true, "created_date": "2022-02-10T17:56:43.061Z"}}, {"model": "carts.cart", "pk": 1, "fields": {"cart_id": "062jiycu6e3km1gfvbk2zvf9j8exmif4", "date_added": "2022-01-01"}}, {"model": "carts.cart", "pk": 2, "fields": {"cart_id": "t9hp3ug74phtp939hppevbja1pdi6h7l", "date_added": "2022-01-24"}}, {"model": "carts.cart", "pk": 3, "fields": {"cart_id": "viqs49dsmc6g0l3rfl3kg52jq76mq87u", "date_added": "2022-01-25"}}, {"model": "carts.cart", "pk": 4, "fields": {"cart_id": "2veq9snqw56vhlibccio1dcatum92rge", "date_added": "2022-02-08"}}, {"model": "carts.cart", "pk": 5, "fields": {"cart_id": "377nu80i2j2i3y6zb1q541399fdtx6xm", "date_added": "2022-02-09"}}, {"model": "carts.cart", "pk": 6, "fields": {"cart_id": "qj5q6mf7y80o4bkhr65ziq3sxc99rsc6", "date_added": "2022-02-09"}}, {"model": "carts.cart", "pk": 7, "fields": {"cart_id": "6pwbibawnw7zqgvun58eth4q9yps7nf9", "date_added": "2022-02-10"}}, {"model": "carts.cart", "pk": 8, "fields": {"cart_id": "zv9jqboqr0gqwwqr2ty80714r1r7koo3", "date_added": "2022-02-10"}}, {"model": "carts.cart", "pk": 9, "fields": {"cart_id": "rcwp84o60dzos837us5n8abxkakhhh8y", "date_added": "2022-02-11"}}, {"model": "carts.cart", "pk": 10, "fields": {"cart_id": "u1jqlgfzm2jarxr4py5w2m3dtza8k8y4", "date_added": "2022-03-09"}}, {"model": "carts.cart", "pk": 11, "fields": {"cart_id": "qlvcizo1vbir4qem73fgvijtpxtuxbp2", "date_added": "2022-04-12"}}, {"model": "carts.cart", "pk": 12, "fields": {"cart_id": "sjeqi5iknqt24896kn08m3ib23o94brk", "date_added": "2022-04-12"}}, {"model": "carts.cartitem", "pk": 6, "fields": {"user": null, "product": 1, "cart": 1, "quantity": 4, "is_active": true, "variations": []}}, {"model": "carts.cartitem", "pk": 9, "fields": {"user": null, "product": 2, "cart": 2, "quantity": 3, "is_active": true, "variations": [3, 4]}}, {"model": "carts.cartitem", "pk": 10, "fields": {"user": null, "product": 2, "cart": 3, "quantity": 1, "is_active": true, "variations": []}}, {"model": "carts.cartitem", "pk": 16, "fields": {"user": null, "product": 2, "cart": 5, "quantity": 1, "is_active": true, "variations": []}}, {"model": "carts.cartitem", "pk": 17, "fields": {"user": null, "product": 2, "cart": 6, "quantity": 1, "is_active": true, "variations": []}}, {"model": "carts.cartitem", "pk": 21, "fields": {"user": null, "product": 2, "cart": 7, "quantity": 2, "is_active": true, "variations": []}}, {"model": "carts.cartitem", "pk": 22, "fields": {"user": null, "product": 2, "cart": 8, "quantity": 3, "is_active": true, "variations": []}}, {"model": "carts.cartitem", "pk": 25, "fields": {"user": null, "product": 2, "cart": 10, "quantity": 1, "is_active": true, "variations": []}}, {"model": "carts.cartitem", "pk": 26, "fields": {"user": null, "product": 2, "cart": 11, "quantity": 1, "is_active": true, "variations": []}}, {"model": "carts.cartitem", "pk": 27, "fields": {"user": null, "product": 2, "cart": 12, "quantity": 1, "is_active": true, "variations": []}}, {"model": "carts.cartitem", "pk": 28, "fields": {"user": 1, "product": 2, "cart": null, "quantity": 1, "is_active": true, "variations": []}}]